{
  "data_dir": "/work/vajira/data/mimic_iv_original/mimic-iv-ecg-diagnostic-electrocardiogram-matched-subset-1.0",
  "seeds": [
    42,
    42,
    123
  ],
  "val_split": 0.1,
  "test_split": 0.1,
  "total_issues": 2,
  "sizes_per_run": {
    "seed42_run1": {
      "val": 79248,
      "test": 80611,
      "train": 629622
    },
    "seed42_run2": {
      "val": 79248,
      "test": 80611,
      "train": 629622
    },
    "seed42_run3": {
      "val": 79248,
      "test": 80611,
      "train": 629622
    },
    "seed123_run1": {
      "val": 79248,
      "test": 80611,
      "train": 629622
    },
    "seed123_run2": {
      "val": 79248,
      "test": 80611,
      "train": 629622
    },
    "seed123_run3": {
      "val": 79248,
      "test": 80611,
      "train": 629622
    }
  },
  "fingerprints": {
    "val": {
      "seed42_run1": {
        "n_samples": 79248,
        "sample_values": [
          0.03710523992776871,
          0.09176498651504517,
          0.808232843875885,
          -0.4321524500846863,
          -0.0757080689072609,
          -0.11612702161073685
        ],
        "sample_values_hash": "6023da362af5315f75c3a348ce3d3417"
      },
      "seed42_run2": {
        "n_samples": 79248,
        "sample_values": [
          0.03710523992776871,
          0.09176498651504517,
          0.808232843875885,
          -0.4321524500846863,
          -0.0757080689072609,
          -0.11612702161073685
        ],
        "sample_values_hash": "6023da362af5315f75c3a348ce3d3417"
      },
      "seed42_run3": {
        "n_samples": 79248,
        "sample_values": [
          0.03710523992776871,
          0.09176498651504517,
          0.808232843875885,
          -0.4321524500846863,
          -0.0757080689072609,
          -0.11612702161073685
        ],
        "sample_values_hash": "6023da362af5315f75c3a348ce3d3417"
      },
      "seed123_run1": {
        "n_samples": 79248,
        "sample_values": [
          0.03710523992776871,
          0.09176498651504517,
          0.808232843875885,
          -0.4321524500846863,
          -0.0757080689072609,
          -0.11612702161073685
        ],
        "sample_values_hash": "6023da362af5315f75c3a348ce3d3417"
      },
      "seed123_run2": {
        "n_samples": 79248,
        "sample_values": [
          0.03710523992776871,
          0.09176498651504517,
          0.808232843875885,
          -0.4321524500846863,
          -0.0757080689072609,
          -0.11612702161073685
        ],
        "sample_values_hash": "6023da362af5315f75c3a348ce3d3417"
      },
      "seed123_run3": {
        "n_samples": 79248,
        "sample_values": [
          0.03710523992776871,
          0.09176498651504517,
          0.808232843875885,
          -0.4321524500846863,
          -0.0757080689072609,
          -0.11612702161073685
        ],
        "sample_values_hash": "6023da362af5315f75c3a348ce3d3417"
      }
    },
    "test": {
      "seed42_run1": {
        "n_samples": 80611,
        "sample_values": [
          -0.8371360898017883,
          -0.3243902325630188,
          0.2455436885356903,
          0.4023939073085785,
          0.011221272870898247,
          -0.13401295244693756
        ],
        "sample_values_hash": "bf032fd7613d22c22469bb2244b8dc8f"
      },
      "seed42_run2": {
        "n_samples": 80611,
        "sample_values": [
          -0.8371360898017883,
          -0.3243902325630188,
          0.2455436885356903,
          0.4023939073085785,
          0.011221272870898247,
          -0.13401295244693756
        ],
        "sample_values_hash": "bf032fd7613d22c22469bb2244b8dc8f"
      },
      "seed42_run3": {
        "n_samples": 80611,
        "sample_values": [
          -0.8371360898017883,
          -0.3243902325630188,
          0.2455436885356903,
          0.4023939073085785,
          0.011221272870898247,
          -0.13401295244693756
        ],
        "sample_values_hash": "bf032fd7613d22c22469bb2244b8dc8f"
      },
      "seed123_run1": {
        "n_samples": 80611,
        "sample_values": [
          -0.8371360898017883,
          -0.3243902325630188,
          0.2455436885356903,
          0.4023939073085785,
          0.011221272870898247,
          -0.13401295244693756
        ],
        "sample_values_hash": "bf032fd7613d22c22469bb2244b8dc8f"
      },
      "seed123_run2": {
        "n_samples": 80611,
        "sample_values": [
          -0.8371360898017883,
          -0.3243902325630188,
          0.2455436885356903,
          0.4023939073085785,
          0.011221272870898247,
          -0.13401295244693756
        ],
        "sample_values_hash": "bf032fd7613d22c22469bb2244b8dc8f"
      },
      "seed123_run3": {
        "n_samples": 80611,
        "sample_values": [
          -0.8371360898017883,
          -0.3243902325630188,
          0.2455436885356903,
          0.4023939073085785,
          0.011221272870898247,
          -0.13401295244693756
        ],
        "sample_values_hash": "bf032fd7613d22c22469bb2244b8dc8f"
      }
    }
  }
}