{
  "checkpoint": "/work/vajira/DL2026/ECGEN-VAE/vqvae/runs/vqvae_mimic_standalone/seed_42/checkpoints/epoch098-step486981.ckpt",
  "num_embeddings": 512,
  "mean_mse": 0.02106548543088138,
  "mean_mae": 0.09223523698747157,
  "mean_perplexity": 234.74433818016692,
  "used_codes": 349,
  "dead_codes": 163,
  "utilization_pct": 68.1640625,
  "per_lead_mse": {
    "I": 0.021192435128614306,
    "II": 0.0292390214279294,
    "III": 0.02227644482627511,
    "aVR": 0.01830306896008551,
    "aVL": 0.019483046466484667,
    "aVF": 0.015166670270264148,
    "V1": 0.028615317214280366,
    "V2": 0.02706388058140874,
    "V3": 0.020167668629437686,
    "V4": 0.017487429454922675,
    "V5": 0.01672964161261916,
    "V6": 0.017061190446838737
  },
  "per_lead_mae": {
    "I": 0.09348185397684575,
    "II": 0.09592289924621582,
    "III": 0.10178966633975506,
    "aVR": 0.07958724386990071,
    "aVL": 0.08798394575715066,
    "aVF": 0.08560450300574303,
    "V1": 0.09941036775708198,
    "V2": 0.10074662193655967,
    "V3": 0.09533742740750313,
    "V4": 0.09072246327996254,
    "V5": 0.08797013610601426,
    "V6": 0.0882656566798687
  },
  "n_batches_evaluated": 20,
  "n_samples_evaluated": 320,
  "issues_found": 1
}