{
  "checkpoint": "/work/vajira/DL2026/ECGEN-VAE/vqvae/runs/vqvae_mimic_standalone_v2/seed_42/checkpoints/last.ckpt",
  "num_embeddings": 1024,
  "mean_mse": 0.012736705644056202,
  "mean_mae": 0.07749293092638254,
  "mean_perplexity": 306.93985873492124,
  "used_codes": 438,
  "dead_codes": 586,
  "utilization_pct": 42.7734375,
  "per_lead_mse": {
    "I": 0.012855648365803062,
    "II": 0.012661993503570557,
    "III": 0.01820073677226901,
    "aVR": 0.008890289580449462,
    "aVL": 0.01087648761458695,
    "aVF": 0.01107659232802689,
    "V1": 0.01385299232788384,
    "V2": 0.014680424006655812,
    "V3": 0.01273159054107964,
    "V4": 0.013110800669528544,
    "V5": 0.012714151572436095,
    "V6": 0.011188753554597497
  },
  "per_lead_mae": {
    "I": 0.07948769871145486,
    "II": 0.07920939102768898,
    "III": 0.086688681691885,
    "aVR": 0.0662913229316473,
    "aVL": 0.0738804966211319,
    "aVF": 0.0744952043518424,
    "V1": 0.07981085292994976,
    "V2": 0.08369474187493324,
    "V3": 0.07856637574732303,
    "V4": 0.0771308260038495,
    "V5": 0.07672153878957033,
    "V6": 0.07393801230937243
  },
  "n_batches_evaluated": 20,
  "n_samples_evaluated": 320,
  "issues_found": 2
}